<?xml version="1.0" encoding="UTF-8"?>

<beans xmlns="http://www.springframework.org/schema/beans"
	xmlns:xsi="http://www.w3.org/2001/XMLSchema-instance"
	xmlns:p="http://www.springframework.org/schema/p"

	xsi:schemaLocation="http://www.springframework.org/schema/beans
http://www.springframework.org/schema/beans/spring-beans-2.5.xsd">


	<bean name="student1" class="com.collection.Student">
		<property name="name" value="kushal"></property>
		<property name="phones">
			<list>
				<value>987439875438</value>
				<value>8498498</value>
				<value>435435435</value>
				<value>76576767</value>
			</list>
		</property>


		<property name="addresses">
			<set>
				<value>solapur</value>
				<value>pune</value>
				<value>mumbai</value>
				<value>mumbai</value>
			</set>
		</property>


		<property name="courses">
			<map>
				<entry key="java" value="2month"></entry>
				<entry key="Android" value="1.5month"></entry>
				<entry key="Spring" value="10month"></entry>
				<entry key="Hibernate" value="8month"></entry>
				<entry key="HTML" value="5month"></entry>

			</map>
		</property>



	</bean>
</beans>