<?xml version="1.0" encoding="UTF-8"?>
<Configuration status="info">
<!-- /tomcat/apache-tomcat/logs -->
<Properties>
<Property name="basePath" >/tomcat/apache-tomcat/logs</Property>
</Properties>



<Appenders>
<RollingFile name="fileLogger"
fileName="${basePath}/rss_logs/rss_feed.log"
filePattern="${basePath}/rss_logs/rss_feed-%d{yyyy-MM-dd}.log">
<PatternLayout>
<pattern>[%-5level] %d{yyyy-MM-dd HH:mm:ss.SSS} [%t] %c{1} (%F:%L) - %msg%n
</pattern>
</PatternLayout>
<Policies>
<TimeBasedTriggeringPolicy interval="1" modulate="true" />
<SizeBasedTriggeringPolicy size="100MB" />
</Policies>
<!-- Max 10 files will be created everyday -->
<DefaultRolloverStrategy max="10">
<Delete basePath="${basePath}//rss_logs/" maxDepth="10">
<!-- Delete all files older than 30 days -->
<IfLastModified age="30d" />
</Delete>
</DefaultRolloverStrategy>
</RollingFile>
</Appenders>
<Loggers>
<!-- Root logger referring to console appender -->
<Root level="info" additivity="false">
<AppenderRef ref="fileLogger" />
</Root>
</Loggers>
</Configuration>