<?xml version="1.0" encoding="UTF-8"?>
<beans xmlns="http://www.springframework.org/schema/beans"
	xmlns:xsi="http://www.w3.org/2001/XMLSchema-instance"
	xmlns:p="http://www.springframework.org/schema/p"
	xmlns:context="http://www.springframework.org/schema/context"

	xsi:schemaLocation="http://www.springframework.org/schema/beans
http://www.springframework.org/schema/beans/spring-beans-2.5.xsd
http://www.springframework.org/schema/context
http://www.springframework.org/schema/context/spring-context.xsd">
<context:annotation-config />


	<bean class="com.auto.wire.annotation.Student" name="student1">
		<property name="name" value="kushal" />
		<property name="age" value="25"></property>
	</bean>
	<bean class="com.auto.wire.annotation.Student" name="student2">
		<property name="name" value="nikhil" />
		<property name="age" value="30"></property>
	</bean>

	<bean class="com.auto.wire.annotation.College" name="college"/>

</beans>